"Refs","Value","Footprint","Qty","DNP"
"C1,C2","7pF","rosco_m68k:C2.5_or_3.5-3","2",""
"C3-C10,C12,C13,C20,C22-C33","100nF","rosco_m68k:C2.5-3","23",""
"C11,C14-C19","100uF","rosco_m68k:E2,5-5","7",""
"C21","470uF","rosco_m68k:E3,5-10","1",""
"H1-H4","MountingHole","MountingHole:MountingHole_3.2mm_M3_Pad","4",""
"IC1","MC68010P10","rosco_m68k:DIL64","1",""
"IC2,IC3","ATF1502AS-10JU44","Package_LCC:PLCC-44_THT-Socket","2",""
"IC4","XR68C681CJTR-F","Package_LCC:PLCC-44_THT-Socket","1",""
"IC7","74LS148","Package_DIP:DIP-16_W7.62mm_LongPads","1",""
"IC15","555N","Package_DIP:DIP-8_W7.62mm_LongPads","1",""
"J1","UART_A","rosco_m68k:1X06","1",""
"J2","UART_B","rosco_m68k:1X06","1",""
"J3","Conn_02x32_Odd_Even","Connector_PinHeader_2.54mm:PinHeader_2x32_P2.54mm_Vertical","1",""
"J4","Conn_01x06","rosco_m68k:1X06","1",""
"J5","PWR","rosco_m68k:1X02","1",""
"J8","Conn_01x02_Male","Connector_PinHeader_2.54mm:PinHeader_1x02_P2.54mm_Vertical","1",""
"J9","JTAG","Connector_PinHeader_2.54mm:PinHeader_2x05_P2.54mm_Vertical","1",""
"JP1-JP4","Jumper","rosco_m68k:1X02","4",""
"LED1,LED3","GREEN","rosco_m68k:LED5MM","2",""
"LED2,LED4","RED","rosco_m68k:LED5MM","2",""
"Q1","3.6864MHz","Crystal:Crystal_HC49-4H_Vertical","1",""
"Q2","5H8ET-10.000","Oscillator:Oscillator_DIP-8","1",""
"R1,R2,R13,R14","330R","rosco_m68k:0207_10","4",""
"R3,R7-R10,R12,R15-R18,R31,R32","4K7","rosco_m68k:0207_10","12",""
"R11,R19","10K","rosco_m68k:0207_10","2",""
"R21","1K2","rosco_m68k:0207_10","1",""
"R27","2K2","rosco_m68k:0207_10","1",""
"R28","270R","rosco_m68k:0207_10","1",""
"S1","10-XX","rosco_m68k:B3F-10XX","1",""
"U1,U2","SST39SF040","Package_DIP:DIP-32_W15.24mm_LongPads","2",""
"U3,U4","AS6C4008-55PCN","Package_DIP:DIP-32_W15.24mm_LongPads","2",""
