Ref,Val,Package,PosX,PosY,Rot,Side
"C1","7pF","C2.5_or_3.5-3",189.116000,-138.443000,0.000000,top
"C2","7pF","C2.5_or_3.5-3",207.240000,-138.443000,180.000000,top
"C3","100nF","C2.5-3",106.910000,-126.890000,0.000000,top
"C4","100nF","C2.5-3",131.122000,-151.263000,0.000000,top
"C5","100nF","C2.5-3",155.300000,-151.263000,0.000000,top
"C6","100nF","C2.5-3",189.116000,-146.143000,0.000000,top
"C7","100nF","C2.5-3",159.100000,-94.275000,-90.000000,top
"C8","100nF","C2.5-3",113.593000,-92.536000,-90.000000,top
"C9","100nF","C2.5-3",159.800000,-107.289000,-90.000000,top
"C10","100nF","C2.5-3",184.480000,-151.263000,180.000000,top
"C11","100uF","E2,5-5",227.729000,-86.101000,0.000000,top
"C12","100nF","C2.5-3",175.800000,-65.000000,-90.000000,top
"C13","100nF","C2.5-3",227.729000,-79.525000,180.000000,top
"C14","100uF","E2,5-5",215.216000,-110.296000,0.000000,top
"C15","100uF","E2,5-5",146.419000,-104.943000,0.000000,top
"C16","100uF","E2,5-5",229.275000,-142.925000,0.000000,top
"C17","100uF","E2,5-5",88.475000,-90.454000,0.000000,top
"C18","100uF","E2,5-5",215.216000,-119.329500,0.000000,top
"C19","100uF","E2,5-5",215.216000,-128.363000,0.000000,top
"C20","100nF","C2.5-3",175.800000,-59.000000,-90.000000,top
"C21","470uF","E3,5-10",220.900000,-142.850000,0.000000,top
"C22","100nF","C2.5-3",210.600000,-124.000000,90.000000,top
"C23","100nF","C2.5-3",206.170000,-72.600000,0.000000,top
"C24","100nF","C2.5-3",206.170000,-78.600000,0.000000,top
"C25","100nF","C2.5-3",206.170000,-84.600000,0.000000,top
"C26","100nF","C2.5-3",124.750000,-106.100000,90.000000,top
"C27","100nF","C2.5-3",206.170000,-96.600000,0.000000,top
"C28","100nF","C2.5-3",206.170000,-102.600000,0.000000,top
"C29","100nF","C2.5-3",175.800000,-71.000000,-90.000000,top
"C30","100nF","C2.5-3",82.666000,-62.182000,0.000000,top
"C31","100nF","C2.5-3",175.800000,-77.000000,-90.000000,top
"C32","100nF","C2.5-3",204.110000,-146.143000,0.000000,top
"C33","100nF","C2.5-3",206.170000,-90.600000,0.000000,top
"IC1","MC68010P10","DIL64",126.400000,-73.100000,0.000000,top
"IC2","ATF1502AS-10JU44","PLCC-44_THT-Socket",191.570000,-87.450000,0.000000,top
"IC3","ATF1502AS-10JU44","PLCC-44_THT-Socket",191.570000,-61.550000,0.000000,top
"IC4","XR68C681CJTR-F","PLCC-44_THT-Socket",196.650000,-120.970000,-90.000000,top
"IC7","74LS148","DIP-16_W7.62mm_LongPads",137.830000,-98.100000,90.000000,top
"IC15","555N","DIP-8_W7.62mm_LongPads",214.230000,-78.724800,0.000000,top
"J1","UART_A","1X06",228.300000,-108.448000,90.000000,top
"J2","UART_B","1X06",221.564000,-108.448000,90.000000,top
"J3","Conn_02x32_Odd_Even","PinHeader_2x32_P2.54mm_Vertical",73.325000,-65.350000,0.000000,top
"J4","Conn_01x06","1X06",228.300000,-127.500000,90.000000,top
"J5","PWR","1X02",221.000000,-151.000000,0.000000,top
"J8","Conn_01x02_Male","PinHeader_1x02_P2.54mm_Vertical",162.800000,-93.130000,0.000000,top
"J9","JTAG","PinHeader_2x05_P2.54mm_Vertical",204.899999,-58.400000,0.000000,top
"JP1","Jumper","1X02",228.300000,-92.429000,-90.000000,top
"JP2","Jumper","1X02",221.564000,-92.429000,-90.000000,top
"JP3","Jumper","1X02",104.703000,-92.663000,-90.000000,top
"JP4","Jumper","1X02",109.018000,-92.663000,90.000000,top
"LED1","GREEN","LED5MM",196.736000,-146.120000,180.000000,top
"LED2","RED","LED5MM",210.434000,-146.122000,180.000000,top
"LED3","GREEN","LED5MM",215.330000,-60.930000,180.000000,top
"LED4","RED","LED5MM",221.930000,-60.840000,180.000000,top
"Q1","3.6864MHz","Crystal_HC49-4H_Vertical",195.772000,-138.442000,0.000000,top
"Q2","5H8ET-10.000","Oscillator_DIP-8",121.500000,-98.300000,0.000000,top
"R1","330R","0207_10",192.926000,-152.746000,180.000000,top
"R2","330R","0207_10",206.624000,-152.746000,180.000000,top
"R3","4K7","0207_10",133.500000,-94.000000,-90.000000,top
"R7","4K7","0207_10",107.625000,-73.625000,90.000000,top
"R8","4K7","0207_10",134.900000,-104.324000,180.000000,top
"R9","4K7","0207_10",104.538300,-73.628100,90.000000,top
"R10","4K7","0207_10",130.160000,-73.703600,90.000000,top
"R11","10K","0207_10",100.081000,-108.593000,0.000000,top
"R12","4K7","0207_10",101.700000,-73.628100,-90.000000,top
"R13","330R","0207_10",214.230000,-70.530000,-90.000000,top
"R14","330R","0207_10",221.850000,-70.530000,-90.000000,top
"R15","4K7","0207_10",98.733332,-73.628100,-90.000000,top
"R16","4K7","0207_10",166.700000,-102.600000,0.000000,top
"R17","4K7","0207_10",95.766666,-73.628100,-90.000000,top
"R18","4K7","0207_10",92.800000,-73.628100,-90.000000,top
"R19","10K","0207_10",134.900000,-108.400000,180.000000,top
"R21","1K2","0207_10",106.150000,-58.430000,0.000000,top
"R27","2K2","0207_10",214.362000,-94.433000,-90.000000,top
"R28","270R","0207_10",218.078000,-70.530000,-90.000000,top
"R31","4K7","0207_10",166.400000,-94.400000,-90.000000,top
"R32","4K7","0207_10",170.400000,-94.400000,-90.000000,top
"S1","10-XX","B3F-10XX",226.920000,-70.450000,90.000000,top
"U1","SST39SF040","DIP-32_W15.24mm_LongPads",87.200000,-111.823600,0.000000,top
"U2","SST39SF040","DIP-32_W15.24mm_LongPads",111.400000,-111.823600,0.000000,top
"U3","AS6C4008-55PCN","DIP-32_W15.24mm_LongPads",135.600000,-111.823600,0.000000,top
"U4","AS6C4008-55PCN","DIP-32_W15.24mm_LongPads",159.800000,-111.823600,0.000000,top
